{"cameraMode":{"drawMode":0,"name":"Shaded","section":"Shading Mode"},"sceneLighting":false,"audioPlay":false,"sceneViewState":{"showFog":true,"showMaterialUpdate":false,"showSkybox":false,"showFlares":true,"showImageEffects":true,"showParticleSystems":true},"in2DMode":false,"pivot":{"x":-0.0007967543788254261,"y":-0.0012478935532271863,"z":0.0013159032678231598},"rotation":{"x":0.2123280018568039,"y":0.6250141859054565,"z":-0.18209657073020936,"w":0.7287806868553162},"size":16.569690704345704,"orthographic":true}