{"cameraMode":{"drawMode":0,"name":"Shaded","section":"Shading Mode"},"sceneLighting":false,"audioPlay":false,"sceneViewState":{"showFog":true,"showMaterialUpdate":false,"showSkybox":false,"showFlares":true,"showImageEffects":true,"showParticleSystems":true},"in2DMode":false,"pivot":{"x":-5.715643405914307,"y":3.4713807106018068,"z":5.669999599456787},"rotation":{"x":-0.08478771895170212,"y":-0.7640132308006287,"z":0.10260603576898575,"w":-0.6313291192054749},"size":3.9158456325531008,"orthographic":true}