{"cameraMode":{"drawMode":0,"name":"Shaded","section":"Shading Mode"},"sceneLighting":true,"audioPlay":false,"sceneViewState":{"showFog":true,"showMaterialUpdate":false,"showSkybox":true,"showFlares":true,"showImageEffects":true,"showParticleSystems":true},"in2DMode":false,"pivot":{"x":-1.2266850471496583,"y":-11.042621612548829,"z":83.1792984008789},"rotation":{"x":0.07430590689182282,"y":0.025427648797631265,"z":-0.0018939077854156495,"w":0.9969147443771362},"size":54.552860260009769,"orthographic":false}