{"cameraMode":{"drawMode":0,"name":"Shaded","section":"Shading Mode"},"sceneLighting":true,"audioPlay":false,"sceneViewState":{"showFog":true,"showMaterialUpdate":false,"showSkybox":true,"showFlares":true,"showImageEffects":true,"showParticleSystems":true},"in2DMode":false,"pivot":{"x":5.428295135498047,"y":4.768367767333984,"z":61.1781005859375},"rotation":{"x":0.23442205786705018,"y":0.5333826541900635,"z":-0.1567862331867218,"w":0.7974817752838135},"size":16.800947189331056,"orthographic":false}