{"cameraMode":{"drawMode":0,"name":"Shaded","section":"Shading Mode"},"sceneLighting":true,"audioPlay":false,"sceneViewState":{"showFog":true,"showMaterialUpdate":false,"showSkybox":true,"showFlares":true,"showImageEffects":true,"showParticleSystems":true},"in2DMode":false,"pivot":{"x":0.07634449005126953,"y":-0.09576129913330078,"z":84.91160583496094},"rotation":{"x":0.041878823190927508,"y":0.958126425743103,"z":-0.2006123811006546,"w":0.2000097632408142},"size":11.709320068359375,"orthographic":false}