{"cameraMode":{"drawMode":0,"name":"Shaded","section":"Shading Mode"},"sceneLighting":false,"audioPlay":false,"sceneViewState":{"showFog":true,"showMaterialUpdate":false,"showSkybox":false,"showFlares":true,"showImageEffects":true,"showParticleSystems":true},"in2DMode":false,"pivot":{"x":-1.284257173538208,"y":0.20369577407836915,"z":-0.30051374435424807},"rotation":{"x":0.1499372273683548,"y":-0.8403069972991943,"z":0.2920575439929962,"w":0.431398868560791},"size":2.7572154998779299,"orthographic":false}