{"cameraMode":{"drawMode":0,"name":"Shaded","section":"Shading Mode"},"sceneLighting":true,"audioPlay":false,"sceneViewState":{"showFog":true,"showMaterialUpdate":false,"showSkybox":true,"showFlares":true,"showImageEffects":true,"showParticleSystems":true},"in2DMode":false,"pivot":{"x":27.99877166748047,"y":-53.867431640625,"z":60.74304962158203},"rotation":{"x":0.30292725563049319,"y":0.1912626326084137,"z":-0.06219460070133209,"w":0.9315561056137085},"size":61.00465393066406,"orthographic":false}