{"cameraMode":{"drawMode":0,"name":"Shaded","section":"Shading Mode"},"sceneLighting":false,"audioPlay":false,"sceneViewState":{"showFog":true,"showMaterialUpdate":false,"showSkybox":false,"showFlares":true,"showImageEffects":true,"showParticleSystems":true},"in2DMode":false,"pivot":{"x":15.346266746520996,"y":1.9013214111328126,"z":8.115509033203125},"rotation":{"x":0.27961650490760805,"y":-0.29611608386039736,"z":0.09111268818378449,"w":0.908751368522644},"size":8.32992172241211,"orthographic":false}